{
  "run": "outputs/smoke/smoke.trec",
  "qrels": "outputs/smoke/smoke.qrels",
  "n_queries": 2,
  "metrics": {
    "recall@10": 0.22435897435897434,
    "ndcg@10": 0.590116403383006,
    "map": 0.1731824888074888
  },
  "per_query": {
    "q_adufe_en": {
      "recall@10": 0.11538461538461539,
      "ndcg@10": 0.35970991185182927,
      "map": 0.062271062271062265
    },
    "q_cavaquinho_en": {
      "recall@10": 0.3333333333333333,
      "ndcg@10": 0.8205228949141826,
      "map": 0.2840939153439153
    }
  },
  "per_instrument": {
    "adufe": {
      "recall@10": 0.11538461538461539,
      "ndcg@10": 0.35970991185182927,
      "map": 0.062271062271062265
    },
    "cavaquinho": {
      "recall@10": 0.3333333333333333,
      "ndcg@10": 0.8205228949141826,
      "map": 0.2840939153439153
    }
  },
  "macro_metrics": {
    "recall@10": 0.22435897435897434,
    "ndcg@10": 0.590116403383006,
    "map": 0.1731824888074888
  }
}