{
  "run": "outputs/verify/openclip.trec",
  "qrels": "outputs/verify/subset.qrels",
  "n_queries": 6,
  "metrics": {
    "recall@10": 0.058383367495272016,
    "recall@20": 0.11433909726878866,
    "recall@50": 0.24903108102324123,
    "recall@100": 0.422586153872981,
    "precision@10": 0.5499999999999999,
    "ndcg@10": 0.5084779812679613,
    "ndcg@20": 0.5249089351081637,
    "ndcg@100": 0.48317348844241054,
    "map": 0.2868366853961822,
    "mrr": 0.5151515151515152
  },
  "per_query": {
    "q_adufe_en": {
      "recall@10": 0.011764705882352941,
      "recall@20": 0.011764705882352941,
      "recall@50": 0.047058823529411764,
      "recall@100": 0.18823529411764706,
      "precision@10": 0.1,
      "ndcg@10": 0.07839826897867533,
      "ndcg@20": 0.05059568297461706,
      "ndcg@100": 0.1558461121978779,
      "map": 0.024752237663156578,
      "mrr": 0.16666666666666666
    },
    "q_cavaquinho_en": {
      "recall@10": 0.0,
      "recall@20": 0.014705882352941176,
      "recall@50": 0.04411764705882353,
      "recall@100": 0.27941176470588236,
      "precision@10": 0.0,
      "ndcg@10": 0.0,
      "ndcg@20": 0.039621067055815605,
      "ndcg@100": 0.20071649959418006,
      "map": 0.03607324825395608,
      "mrr": 0.09090909090909091
    },
    "q_concertina_en": {
      "recall@10": 0.10526315789473684,
      "recall@20": 0.21052631578947367,
      "recall@50": 0.5263157894736842,
      "recall@100": 0.7684210526315789,
      "precision@10": 1.0,
      "ndcg@10": 1.0,
      "ndcg@20": 1.0,
      "ndcg@100": 0.8261424688908198,
      "map": 0.7478448538087383,
      "mrr": 1.0
    },
    "q_gaita_de_foles_en": {
      "recall@10": 0.14705882352941177,
      "recall@20": 0.2647058823529412,
      "recall@50": 0.47058823529411764,
      "recall@100": 0.5882352941176471,
      "precision@10": 1.0,
      "ndcg@10": 1.0,
      "ndcg@20": 0.9342242174669668,
      "ndcg@100": 0.6650157275097565,
      "map": 0.47482814679075225,
      "mrr": 1.0
    },
    "q_guitarra_portuguesa_en": {
      "recall@10": 0.056451612903225805,
      "recall@20": 0.11290322580645161,
      "recall@50": 0.20967741935483872,
      "recall@100": 0.3064516129032258,
      "precision@10": 0.7,
      "ndcg@10": 0.5847192329112588,
      "ndcg@20": 0.6225765060484604,
      "ndcg@100": 0.41577208765547946,
      "map": 0.17546607272568973,
      "mrr": 0.5
    },
    "q_violao_en": {
      "recall@10": 0.02976190476190476,
      "recall@20": 0.07142857142857142,
      "recall@50": 0.19642857142857142,
      "recall@100": 0.40476190476190477,
      "precision@10": 0.5,
      "ndcg@10": 0.3877503857178334,
      "ndcg@20": 0.502436137103122,
      "ndcg@100": 0.6355480348063498,
      "map": 0.26205555313480017,
      "mrr": 0.3333333333333333
    }
  },
  "per_instrument": {
    "adufe": {
      "recall@10": 0.011764705882352941,
      "recall@20": 0.011764705882352941,
      "recall@50": 0.047058823529411764,
      "recall@100": 0.18823529411764706,
      "precision@10": 0.1,
      "ndcg@10": 0.07839826897867533,
      "ndcg@20": 0.05059568297461706,
      "ndcg@100": 0.1558461121978779,
      "map": 0.024752237663156578,
      "mrr": 0.16666666666666666
    },
    "cavaquinho": {
      "recall@10": 0.0,
      "recall@20": 0.014705882352941176,
      "recall@50": 0.04411764705882353,
      "recall@100": 0.27941176470588236,
      "precision@10": 0.0,
      "ndcg@10": 0.0,
      "ndcg@20": 0.039621067055815605,
      "ndcg@100": 0.20071649959418006,
      "map": 0.03607324825395608,
      "mrr": 0.09090909090909091
    },
    "concertina": {
      "recall@10": 0.10526315789473684,
      "recall@20": 0.21052631578947367,
      "recall@50": 0.5263157894736842,
      "recall@100": 0.7684210526315789,
      "precision@10": 1.0,
      "ndcg@10": 1.0,
      "ndcg@20": 1.0,
      "ndcg@100": 0.8261424688908198,
      "map": 0.7478448538087383,
      "mrr": 1.0
    },
    "gaita-de-foles": {
      "recall@10": 0.14705882352941177,
      "recall@20": 0.2647058823529412,
      "recall@50": 0.47058823529411764,
      "recall@100": 0.5882352941176471,
      "precision@10": 1.0,
      "ndcg@10": 1.0,
      "ndcg@20": 0.9342242174669668,
      "ndcg@100": 0.6650157275097565,
      "map": 0.47482814679075225,
      "mrr": 1.0
    },
    "guitarra-portuguesa": {
      "recall@10": 0.056451612903225805,
      "recall@20": 0.11290322580645161,
      "recall@50": 0.20967741935483872,
      "recall@100": 0.3064516129032258,
      "precision@10": 0.7,
      "ndcg@10": 0.5847192329112588,
      "ndcg@20": 0.6225765060484604,
      "ndcg@100": 0.41577208765547946,
      "map": 0.17546607272568973,
      "mrr": 0.5
    },
    "violao": {
      "recall@10": 0.02976190476190476,
      "recall@20": 0.07142857142857142,
      "recall@50": 0.19642857142857142,
      "recall@100": 0.40476190476190477,
      "precision@10": 0.5,
      "ndcg@10": 0.3877503857178334,
      "ndcg@20": 0.502436137103122,
      "ndcg@100": 0.6355480348063498,
      "map": 0.26205555313480017,
      "mrr": 0.3333333333333333
    }
  },
  "macro_metrics": {
    "recall@10": 0.058383367495272016,
    "recall@20": 0.11433909726878866,
    "recall@50": 0.24903108102324123,
    "recall@100": 0.422586153872981,
    "precision@10": 0.5499999999999999,
    "ndcg@10": 0.5084779812679613,
    "ndcg@20": 0.5249089351081637,
    "ndcg@100": 0.48317348844241054,
    "map": 0.2868366853961822,
    "mrr": 0.5151515151515152
  }
}