{
  "candidate_recall@100": 0.1808453308749982,
  "oracle_recall@100": 0.1808453308749982,
  "rerank_gain@100": 0.0,
  "delta_ndcg@100": 0.026118231210641968,
  "delta_map": 0.012254513100490305
}