{
  "candidate_recall@30": 0.5287037037037037,
  "oracle_recall@30": 0.5287037037037037,
  "rerank_gain@30": 0.0,
  "delta_ndcg@30": 0.05861914052272443,
  "delta_map": 0.056114321436862735
}