{
  "run": "outputs/runs/B5_full_mini.trec",
  "qrels": "data/processed/qrels/mini.qrels",
  "n_queries": 6,
  "metrics": {
    "recall@10": 0.24742063492063493,
    "recall@20": 0.4199074074074074,
    "recall@50": 0.5287037037037037,
    "recall@100": 0.5287037037037037,
    "precision@10": 0.5499999999999999,
    "ndcg@10": 0.6224602088147748,
    "ndcg@20": 0.6270770161935648,
    "ndcg@100": 0.583591065829767,
    "map": 0.4175107128070746,
    "mrr": 0.9166666666666666
  },
  "per_query": {
    "q_adufe_en": {
      "recall@10": 0.06666666666666667,
      "recall@20": 0.1,
      "recall@50": 0.13333333333333333,
      "recall@100": 0.13333333333333333,
      "precision@10": 0.2,
      "ndcg@10": 0.33013764944712026,
      "ndcg@20": 0.2526811265063016,
      "ndcg@100": 0.2186507722542827,
      "map": 0.07099567099567099,
      "mrr": 1.0
    },
    "q_cavaquinho_en": {
      "recall@10": 0.125,
      "recall@20": 0.2916666666666667,
      "recall@50": 0.5,
      "recall@100": 0.5,
      "precision@10": 0.3,
      "ndcg@10": 0.30240383049385083,
      "ndcg@20": 0.33182300426153166,
      "ndcg@100": 0.429146931140557,
      "map": 0.19356792511818857,
      "mrr": 0.5
    },
    "q_concertina_en": {
      "recall@10": 0.2857142857142857,
      "recall@20": 0.5714285714285714,
      "recall@50": 0.7714285714285715,
      "recall@100": 0.7714285714285715,
      "precision@10": 1.0,
      "ndcg@10": 1.0,
      "ndcg@20": 1.0,
      "ndcg@100": 0.8428078500265309,
      "map": 0.7714285714285715,
      "mrr": 1.0
    },
    "q_gaita_de_foles_en": {
      "recall@10": 0.35714285714285715,
      "recall@20": 0.42857142857142855,
      "recall@50": 0.42857142857142855,
      "recall@100": 0.42857142857142855,
      "precision@10": 0.5,
      "ndcg@10": 0.6489315753318465,
      "ndcg@20": 0.5736050008743004,
      "ndcg@100": 0.5736050008743004,
      "map": 0.39285714285714285,
      "mrr": 1.0
    },
    "q_guitarra_portuguesa_en": {
      "recall@10": 0.4,
      "recall@20": 0.6,
      "recall@50": 0.7,
      "recall@100": 0.7,
      "precision@10": 0.4,
      "ndcg@10": 0.5384313152574521,
      "ndcg@20": 0.6593015535912408,
      "ndcg@100": 0.7086557729447232,
      "map": 0.4787878787878788,
      "mrr": 1.0
    },
    "q_violao_en": {
      "recall@10": 0.25,
      "recall@20": 0.5277777777777778,
      "recall@50": 0.6388888888888888,
      "recall@100": 0.6388888888888888,
      "precision@10": 0.9,
      "ndcg@10": 0.914856882358379,
      "ndcg@20": 0.9450514119280141,
      "ndcg@100": 0.7286800677382085,
      "map": 0.5974270876549951,
      "mrr": 1.0
    }
  },
  "per_instrument": {
    "adufe": {
      "recall@10": 0.06666666666666667,
      "recall@20": 0.1,
      "recall@50": 0.13333333333333333,
      "recall@100": 0.13333333333333333,
      "precision@10": 0.2,
      "ndcg@10": 0.33013764944712026,
      "ndcg@20": 0.2526811265063016,
      "ndcg@100": 0.2186507722542827,
      "map": 0.07099567099567099,
      "mrr": 1.0
    },
    "cavaquinho": {
      "recall@10": 0.125,
      "recall@20": 0.2916666666666667,
      "recall@50": 0.5,
      "recall@100": 0.5,
      "precision@10": 0.3,
      "ndcg@10": 0.30240383049385083,
      "ndcg@20": 0.33182300426153166,
      "ndcg@100": 0.429146931140557,
      "map": 0.19356792511818857,
      "mrr": 0.5
    },
    "concertina": {
      "recall@10": 0.2857142857142857,
      "recall@20": 0.5714285714285714,
      "recall@50": 0.7714285714285715,
      "recall@100": 0.7714285714285715,
      "precision@10": 1.0,
      "ndcg@10": 1.0,
      "ndcg@20": 1.0,
      "ndcg@100": 0.8428078500265309,
      "map": 0.7714285714285715,
      "mrr": 1.0
    },
    "gaita-de-foles": {
      "recall@10": 0.35714285714285715,
      "recall@20": 0.42857142857142855,
      "recall@50": 0.42857142857142855,
      "recall@100": 0.42857142857142855,
      "precision@10": 0.5,
      "ndcg@10": 0.6489315753318465,
      "ndcg@20": 0.5736050008743004,
      "ndcg@100": 0.5736050008743004,
      "map": 0.39285714285714285,
      "mrr": 1.0
    },
    "guitarra-portuguesa": {
      "recall@10": 0.4,
      "recall@20": 0.6,
      "recall@50": 0.7,
      "recall@100": 0.7,
      "precision@10": 0.4,
      "ndcg@10": 0.5384313152574521,
      "ndcg@20": 0.6593015535912408,
      "ndcg@100": 0.7086557729447232,
      "map": 0.4787878787878788,
      "mrr": 1.0
    },
    "violao": {
      "recall@10": 0.25,
      "recall@20": 0.5277777777777778,
      "recall@50": 0.6388888888888888,
      "recall@100": 0.6388888888888888,
      "precision@10": 0.9,
      "ndcg@10": 0.914856882358379,
      "ndcg@20": 0.9450514119280141,
      "ndcg@100": 0.7286800677382085,
      "map": 0.5974270876549951,
      "mrr": 1.0
    }
  },
  "macro_metrics": {
    "recall@10": 0.24742063492063493,
    "recall@20": 0.4199074074074074,
    "recall@50": 0.5287037037037037,
    "recall@100": 0.5287037037037037,
    "precision@10": 0.5499999999999999,
    "ndcg@10": 0.6224602088147748,
    "ndcg@20": 0.6270770161935648,
    "ndcg@100": 0.583591065829767,
    "map": 0.4175107128070746,
    "mrr": 0.9166666666666666
  }
}