{
  "run": "outputs/runs/B1_mini.trec",
  "qrels": "data/processed/qrels/mini.qrels",
  "n_queries": 6,
  "metrics": {
    "recall@10": 0.21038359788359787,
    "recall@20": 0.36726190476190473,
    "recall@50": 0.5287037037037037,
    "recall@100": 0.5287037037037037,
    "precision@10": 0.5333333333333333,
    "ndcg@10": 0.5568304050107101,
    "ndcg@20": 0.5425880583156494,
    "ndcg@100": 0.5248505458144705,
    "map": 0.36139639137021184,
    "mrr": 0.7152777777777777
  },
  "per_query": {
    "q_adufe_en": {
      "recall@10": 0.03333333333333333,
      "recall@20": 0.1,
      "recall@50": 0.13333333333333333,
      "recall@100": 0.13333333333333333,
      "precision@10": 0.1,
      "ndcg@10": 0.06943122193677727,
      "ndcg@20": 0.12078599864602618,
      "ndcg@100": 0.11632316752057384,
      "map": 0.022925685425685422,
      "mrr": 0.125
    },
    "q_cavaquinho_en": {
      "recall@10": 0.20833333333333334,
      "recall@20": 0.375,
      "recall@50": 0.5,
      "recall@100": 0.5,
      "precision@10": 0.5,
      "ndcg@10": 0.5442213638169618,
      "ndcg@20": 0.49238620053748583,
      "ndcg@100": 0.5189398844689354,
      "map": 0.2708728477755729,
      "mrr": 1.0
    },
    "q_concertina_en": {
      "recall@10": 0.2857142857142857,
      "recall@20": 0.5714285714285714,
      "recall@50": 0.7714285714285715,
      "recall@100": 0.7714285714285715,
      "precision@10": 1.0,
      "ndcg@10": 1.0,
      "ndcg@20": 1.0,
      "ndcg@100": 0.8423919163549581,
      "map": 0.7694581280788176,
      "mrr": 1.0
    },
    "q_gaita_de_foles_en": {
      "recall@10": 0.35714285714285715,
      "recall@20": 0.35714285714285715,
      "recall@50": 0.42857142857142855,
      "recall@100": 0.42857142857142855,
      "precision@10": 0.5,
      "ndcg@10": 0.6489315753318465,
      "ndcg@20": 0.5254457787902355,
      "ndcg@100": 0.5629251719648513,
      "map": 0.37362637362637363,
      "mrr": 1.0
    },
    "q_guitarra_portuguesa_en": {
      "recall@10": 0.1,
      "recall@20": 0.3,
      "recall@50": 0.7,
      "recall@100": 0.7,
      "precision@10": 0.1,
      "ndcg@10": 0.07839826897867533,
      "ndcg@20": 0.1880168326075559,
      "ndcg@100": 0.37381733807225503,
      "map": 0.13256283945939118,
      "mrr": 0.16666666666666666
    },
    "q_violao_en": {
      "recall@10": 0.2777777777777778,
      "recall@20": 0.5,
      "recall@50": 0.6388888888888888,
      "recall@100": 0.6388888888888888,
      "precision@10": 1.0,
      "ndcg@10": 1.0,
      "ndcg@20": 0.9288935393125927,
      "ndcg@100": 0.7347057965052498,
      "map": 0.5989324738554302,
      "mrr": 1.0
    }
  },
  "per_instrument": {
    "adufe": {
      "recall@10": 0.03333333333333333,
      "recall@20": 0.1,
      "recall@50": 0.13333333333333333,
      "recall@100": 0.13333333333333333,
      "precision@10": 0.1,
      "ndcg@10": 0.06943122193677727,
      "ndcg@20": 0.12078599864602618,
      "ndcg@100": 0.11632316752057384,
      "map": 0.022925685425685422,
      "mrr": 0.125
    },
    "cavaquinho": {
      "recall@10": 0.20833333333333334,
      "recall@20": 0.375,
      "recall@50": 0.5,
      "recall@100": 0.5,
      "precision@10": 0.5,
      "ndcg@10": 0.5442213638169618,
      "ndcg@20": 0.49238620053748583,
      "ndcg@100": 0.5189398844689354,
      "map": 0.2708728477755729,
      "mrr": 1.0
    },
    "concertina": {
      "recall@10": 0.2857142857142857,
      "recall@20": 0.5714285714285714,
      "recall@50": 0.7714285714285715,
      "recall@100": 0.7714285714285715,
      "precision@10": 1.0,
      "ndcg@10": 1.0,
      "ndcg@20": 1.0,
      "ndcg@100": 0.8423919163549581,
      "map": 0.7694581280788176,
      "mrr": 1.0
    },
    "gaita-de-foles": {
      "recall@10": 0.35714285714285715,
      "recall@20": 0.35714285714285715,
      "recall@50": 0.42857142857142855,
      "recall@100": 0.42857142857142855,
      "precision@10": 0.5,
      "ndcg@10": 0.6489315753318465,
      "ndcg@20": 0.5254457787902355,
      "ndcg@100": 0.5629251719648513,
      "map": 0.37362637362637363,
      "mrr": 1.0
    },
    "guitarra-portuguesa": {
      "recall@10": 0.1,
      "recall@20": 0.3,
      "recall@50": 0.7,
      "recall@100": 0.7,
      "precision@10": 0.1,
      "ndcg@10": 0.07839826897867533,
      "ndcg@20": 0.1880168326075559,
      "ndcg@100": 0.37381733807225503,
      "map": 0.13256283945939118,
      "mrr": 0.16666666666666666
    },
    "violao": {
      "recall@10": 0.2777777777777778,
      "recall@20": 0.5,
      "recall@50": 0.6388888888888888,
      "recall@100": 0.6388888888888888,
      "precision@10": 1.0,
      "ndcg@10": 1.0,
      "ndcg@20": 0.9288935393125927,
      "ndcg@100": 0.7347057965052498,
      "map": 0.5989324738554302,
      "mrr": 1.0
    }
  },
  "macro_metrics": {
    "recall@10": 0.21038359788359787,
    "recall@20": 0.36726190476190473,
    "recall@50": 0.5287037037037037,
    "recall@100": 0.5287037037037037,
    "precision@10": 0.5333333333333333,
    "ndcg@10": 0.5568304050107101,
    "ndcg@20": 0.5425880583156494,
    "ndcg@100": 0.5248505458144705,
    "map": 0.36139639137021184,
    "mrr": 0.7152777777777777
  }
}