{
  "run": "outputs/runs/B4_mini.trec",
  "qrels": "data/processed/qrels/mini.qrels",
  "n_queries": 6,
  "metrics": {
    "recall@10": 0.24404761904761904,
    "recall@20": 0.3907407407407408,
    "recall@50": 0.5287037037037037,
    "recall@100": 0.5287037037037037,
    "precision@10": 0.5499999999999999,
    "ndcg@10": 0.6031830282515899,
    "ndcg@20": 0.5997451032157294,
    "ndcg@100": 0.5668528496456321,
    "map": 0.39551475081781967,
    "mrr": 0.8666666666666667
  },
  "per_query": {
    "q_adufe_en": {
      "recall@10": 0.03333333333333333,
      "recall@20": 0.1,
      "recall@50": 0.13333333333333333,
      "recall@100": 0.13333333333333333,
      "precision@10": 0.1,
      "ndcg@10": 0.08514311764162098,
      "ndcg@20": 0.12569282982314403,
      "ndcg@100": 0.12039576385194212,
      "map": 0.023147528799702714,
      "mrr": 0.2
    },
    "q_cavaquinho_en": {
      "recall@10": 0.16666666666666666,
      "recall@20": 0.4166666666666667,
      "recall@50": 0.5,
      "recall@100": 0.5,
      "precision@10": 0.4,
      "ndcg@10": 0.5036067026046991,
      "ndcg@20": 0.5394969515789897,
      "ndcg@100": 0.5358632947516931,
      "map": 0.2908739387261059,
      "mrr": 1.0
    },
    "q_concertina_en": {
      "recall@10": 0.2857142857142857,
      "recall@20": 0.5714285714285714,
      "recall@50": 0.7714285714285715,
      "recall@100": 0.7714285714285715,
      "precision@10": 1.0,
      "ndcg@10": 1.0,
      "ndcg@20": 1.0,
      "ndcg@100": 0.8428078500265309,
      "map": 0.7714285714285715,
      "mrr": 1.0
    },
    "q_gaita_de_foles_en": {
      "recall@10": 0.42857142857142855,
      "recall@20": 0.42857142857142855,
      "recall@50": 0.42857142857142855,
      "recall@100": 0.42857142857142855,
      "precision@10": 0.6,
      "ndcg@10": 0.7151857987862356,
      "ndcg@20": 0.5790924240830482,
      "ndcg@100": 0.5790924240830482,
      "map": 0.40476190476190477,
      "mrr": 1.0
    },
    "q_guitarra_portuguesa_en": {
      "recall@10": 0.3,
      "recall@20": 0.3,
      "recall@50": 0.7,
      "recall@100": 0.7,
      "precision@10": 0.3,
      "ndcg@10": 0.42520843362602373,
      "ndcg@20": 0.42520843362602373,
      "ndcg@100": 0.6096576785975284,
      "map": 0.31552190937498287,
      "mrr": 1.0
    },
    "q_violao_en": {
      "recall@10": 0.25,
      "recall@20": 0.5277777777777778,
      "recall@50": 0.6388888888888888,
      "recall@100": 0.6388888888888888,
      "precision@10": 0.9,
      "ndcg@10": 0.8899541168509599,
      "ndcg@20": 0.9289799801831713,
      "ndcg@100": 0.7133000865630496,
      "map": 0.5673546518156509,
      "mrr": 1.0
    }
  },
  "per_instrument": {
    "adufe": {
      "recall@10": 0.03333333333333333,
      "recall@20": 0.1,
      "recall@50": 0.13333333333333333,
      "recall@100": 0.13333333333333333,
      "precision@10": 0.1,
      "ndcg@10": 0.08514311764162098,
      "ndcg@20": 0.12569282982314403,
      "ndcg@100": 0.12039576385194212,
      "map": 0.023147528799702714,
      "mrr": 0.2
    },
    "cavaquinho": {
      "recall@10": 0.16666666666666666,
      "recall@20": 0.4166666666666667,
      "recall@50": 0.5,
      "recall@100": 0.5,
      "precision@10": 0.4,
      "ndcg@10": 0.5036067026046991,
      "ndcg@20": 0.5394969515789897,
      "ndcg@100": 0.5358632947516931,
      "map": 0.2908739387261059,
      "mrr": 1.0
    },
    "concertina": {
      "recall@10": 0.2857142857142857,
      "recall@20": 0.5714285714285714,
      "recall@50": 0.7714285714285715,
      "recall@100": 0.7714285714285715,
      "precision@10": 1.0,
      "ndcg@10": 1.0,
      "ndcg@20": 1.0,
      "ndcg@100": 0.8428078500265309,
      "map": 0.7714285714285715,
      "mrr": 1.0
    },
    "gaita-de-foles": {
      "recall@10": 0.42857142857142855,
      "recall@20": 0.42857142857142855,
      "recall@50": 0.42857142857142855,
      "recall@100": 0.42857142857142855,
      "precision@10": 0.6,
      "ndcg@10": 0.7151857987862356,
      "ndcg@20": 0.5790924240830482,
      "ndcg@100": 0.5790924240830482,
      "map": 0.40476190476190477,
      "mrr": 1.0
    },
    "guitarra-portuguesa": {
      "recall@10": 0.3,
      "recall@20": 0.3,
      "recall@50": 0.7,
      "recall@100": 0.7,
      "precision@10": 0.3,
      "ndcg@10": 0.42520843362602373,
      "ndcg@20": 0.42520843362602373,
      "ndcg@100": 0.6096576785975284,
      "map": 0.31552190937498287,
      "mrr": 1.0
    },
    "violao": {
      "recall@10": 0.25,
      "recall@20": 0.5277777777777778,
      "recall@50": 0.6388888888888888,
      "recall@100": 0.6388888888888888,
      "precision@10": 0.9,
      "ndcg@10": 0.8899541168509599,
      "ndcg@20": 0.9289799801831713,
      "ndcg@100": 0.7133000865630496,
      "map": 0.5673546518156509,
      "mrr": 1.0
    }
  },
  "macro_metrics": {
    "recall@10": 0.24404761904761904,
    "recall@20": 0.3907407407407408,
    "recall@50": 0.5287037037037037,
    "recall@100": 0.5287037037037037,
    "precision@10": 0.5499999999999999,
    "ndcg@10": 0.6031830282515899,
    "ndcg@20": 0.5997451032157294,
    "ndcg@100": 0.5668528496456321,
    "map": 0.39551475081781967,
    "mrr": 0.8666666666666667
  }
}