{
  "candidate_recall@50": 0.10520426021947535,
  "oracle_recall@50": 0.10520426021947535,
  "rerank_gain@50": 0.0,
  "delta_ndcg@50": 0.028355481942539784,
  "delta_map": 0.007499299784807775
}