{
  "candidate_recall@200": 0.293781990698522,
  "oracle_recall@100": 0.27813229807801665,
  "rerank_gain@100": 0.009559111452799147,
  "delta_ndcg@100": 0.009689538989349628,
  "delta_map": -0.030922312203259042
}