{
  "candidate_recall@200": 0.293781990698522,
  "oracle_recall@100": 0.27813229807801665,
  "rerank_gain@100": 0.011755226556267508,
  "delta_ndcg@100": 0.018302256658564914,
  "delta_map": -0.02784591522899099
}